E06000001,Hartlepool," 12,761 "," 11,312 "," 9,594 "," 7,262 ",31.2,27.6,23.4,17.7
E06000002,Middlesbrough," 17,224 "," 16,243 "," 14,006 "," 12,792 ",28.6,27.0,23.2,21.2
E06000003,Redcar and Cleveland," 22,649 "," 17,551 "," 11,649 "," 9,789 ",36.7,28.5,18.9,15.9
E06000004,Stockton-on-Tees," 27,726 "," 28,071 "," 13,673 "," 14,286 ",33.1,33.5,16.3,17.1
E06000005,Darlington," 16,222 "," 14,664 "," 7,931 "," 10,098 ",33.2,30.0,16.2,20.6
E06000006,Halton," 17,096 "," 17,173 "," 13,619 "," 8,063 ",30.6,30.7,24.3,14.4
E06000007,Warrington," 31,939 "," 30,932 "," 13,842 "," 13,825 ",35.3,34.2,15.3,15.3
E06000008,Blackburn with Darwen," 19,573 "," 16,266 "," 11,031 "," 11,897 ",33.3,27.7,18.8,20.2
E06000009,Blackpool," 20,348 "," 17,099 "," 6,700 "," 20,636 ",31.4,26.4,10.3,31.9
E06000010,"Kingston upon Hull, City of"," 26,695 "," 29,631 "," 31,167 "," 27,982 ",23.1,25.7,27.0,24.2
E06000011,East Riding of Yorkshire," 65,680 "," 46,152 "," 14,280 "," 25,954 ",43.2,30.3,9.4,17.1
E06000012,North East Lincolnshire," 24,373 "," 20,569 "," 9,191 "," 15,693 ",34.9,29.5,13.2,22.5
E06000013,North Lincolnshire," 27,829 "," 21,771 "," 10,953 "," 12,619 ",38.0,29.8,15.0,17.2
E06000014,York," 31,453 "," 24,901 "," 11,924 "," 17,180 ",36.8,29.1,14.0,20.1
E06000015,Derby," 33,384 "," 29,775 "," 19,851 "," 22,641 ",31.6,28.2,18.8,21.4
E06000016,Leicester," 31,324 "," 28,768 "," 29,495 "," 37,802 ",24.6,22.6,23.2,29.7
E06000017,Rutland," 7,286 "," 4,788 "," 1,819 "," 2,798 ",43.7,28.7,10.9,16.8
E06000018,Nottingham," 27,940 "," 28,984 "," 31,796 "," 36,023 ",22.4,23.2,25.5,28.9
E06000019,"Herefordshire, County of"," 35,070 "," 20,809 "," 11,309 "," 15,639 ",42.3,25.1,13.7,18.9
E06000020,Telford and Wrekin," 23,088 "," 23,362 "," 13,784 "," 16,275 ",30.2,30.5,18.0,21.3
E06000021,Stoke-on-Trent," 33,558 "," 29,499 "," 24,569 "," 22,774 ",30.4,26.7,22.3,20.6
E06000022,Bath and North East Somerset," 28,855 "," 23,668 "," 11,363 "," 15,364 ",36.4,29.9,14.3,19.4
E06000023,"Bristol, City of"," 48,199 "," 56,877 "," 35,879 "," 50,683 ",25.2,29.7,18.7,26.4
E06000024,North Somerset," 37,250 "," 31,211 "," 8,714 "," 17,473 ",39.4,33.0,9.2,18.5
E06000025,South Gloucestershire," 43,220 "," 43,503 "," 12,738 "," 18,640 ",36.6,36.8,10.8,15.8
E06000026,Plymouth," 33,783 "," 33,604 "," 21,111 "," 26,059 ",29.5,29.3,18.4,22.7
E06000027,Torbay," 24,663 "," 16,321 "," 5,225 "," 16,783 ",39.2,25.9,8.3,26.6
E06000030,Swindon," 27,968 "," 34,278 "," 14,944 "," 18,671 ",29.2,35.8,15.6,19.5
E06000031,Peterborough," 22,268 "," 25,791 "," 15,760 "," 20,714 ",26.3,30.5,18.6,24.5
E06000032,Luton," 20,296 "," 22,707 "," 12,923 "," 23,014 ",25.7,28.8,16.4,29.2
E06000033,Southend-on-Sea," 24,722 "," 23,804 "," 9,019 "," 20,799 ",31.6,30.4,11.5,26.5
E06000034,Thurrock," 16,912 "," 25,553 "," 11,733 "," 12,179 ",25.5,38.5,17.7,18.3
E06000035,Medway," 34,388 "," 39,380 "," 15,130 "," 22,559 ",30.9,35.3,13.6,20.2
E06000036,Bracknell Forest," 14,488 "," 19,930 "," 7,889 "," 7,938 ",28.8,39.7,15.7,15.8
E06000037,West Berkshire," 23,209 "," 22,706 "," 9,305 "," 11,438 ",34.8,34.1,14.0,17.2
E06000038,Reading," 15,426 "," 19,590 "," 10,924 "," 21,743 ",22.8,28.9,16.1,32.1
E06000039,Slough," 10,215 "," 15,759 "," 10,266 "," 16,183 ",19.5,30.1,19.6,30.9
E06000040,Windsor and Maidenhead," 20,393 "," 20,305 "," 7,655 "," 12,576 ",33.5,33.3,12.6,20.6
E06000041,Wokingham," 24,952 "," 29,073 "," 5,331 "," 9,809 ",36.1,42.0,7.7,14.2
E06000042,Milton Keynes," 27,193 "," 41,657 "," 20,448 "," 23,805 ",24.0,36.8,18.1,21.0
E06000043,Brighton and Hove," 30,444 "," 32,970 "," 18,051 "," 39,937 ",25.1,27.2,14.9,32.9
E06000044,Portsmouth," 21,958 "," 23,835 "," 15,507 "," 24,855 ",25.5,27.7,18.0,28.8
E06000045,Southampton," 23,049 "," 26,850 "," 22,397 "," 29,994 ",22.5,26.2,21.9,29.3
E06000046,Isle of Wight," 28,737 "," 15,592 "," 7,057 "," 13,389 ",44.4,24.1,10.9,20.7
E06000047,County Durham," 81,046 "," 66,467 "," 46,858 "," 40,393 ",34.5,28.3,20.0,17.2
E06000049,Cheshire East," 69,191 "," 58,227 "," 20,243 "," 27,193 ",39.6,33.3,11.6,15.6
E06000050,Cheshire West and Chester," 57,620 "," 50,281 "," 22,710 "," 24,543 ",37.1,32.4,14.6,15.8
E06000051,Shropshire," 59,262 "," 37,692 "," 18,169 "," 24,456 ",42.5,27.0,13.0,17.5
E06000052,Cornwall," 104,659 "," 64,248 "," 32,039 "," 49,587 ",41.8,25.6,12.8,19.8
E06000053,Isles of Scilly, 320 , 112 , 162 , 345 ,34.1,11.9,17.3,36.7
E06000054,Wiltshire," 80,220 "," 66,093 "," 31,228 "," 37,540 ",37.3,30.7,14.5,17.5
E06000055,Bedford," 23,359 "," 25,032 "," 12,200 "," 14,358 ",31.2,33.4,16.3,19.2
E06000056,Central Bedfordshire," 40,618 "," 47,417 "," 16,077 "," 16,642 ",33.6,39.3,13.3,13.8
E06000057,Northumberland," 56,684 "," 39,905 "," 26,085 "," 24,248 ",38.6,27.2,17.8,16.5
E06000058,"Bournemouth, Christchurch and Poole"," 59,736 "," 50,711 "," 19,102 "," 44,293 ",34.4,29.2,11.0,25.5
E06000059,Dorset," 77,561 "," 43,213 "," 20,836 "," 27,651 ",45.8,25.5,12.3,16.3
E06000060,Buckinghamshire," 77,213 "," 79,839 "," 28,535 "," 34,740 ",35.0,36.2,13.0,15.8
E06000061,North Northamptonshire," 47,617 "," 51,005 "," 22,671 "," 27,625 ",32.0,34.3,15.2,18.6
E06000062,West Northamptonshire," 53,782 "," 60,820 "," 24,811 "," 33,226 ",31.2,35.2,14.4,19.2
E07000008,Cambridge," 12,897 "," 11,106 "," 11,890 "," 16,581 ",24.6,21.2,22.7,31.6
E07000009,East Cambridgeshire," 13,485 "," 12,387 "," 5,200 "," 6,130 ",36.2,33.3,14.0,16.5
E07000010,Fenland," 16,632 "," 13,056 "," 5,581 "," 8,814 ",37.7,29.6,12.7,20.0
E07000011,Huntingdonshire," 27,621 "," 26,453 "," 9,886 "," 12,920 ",35.9,34.4,12.9,16.8
E07000012,South Cambridgeshire," 24,426 "," 23,413 "," 9,696 "," 9,461 ",36.5,34.9,14.5,14.1
E07000026,Allerdale," 18,770 "," 11,517 "," 8,313 "," 5,373 ",42.7,26.2,18.9,12.2
E07000027,Barrow-in-Furness," 12,250 "," 10,265 "," 3,451 "," 5,293 ",39.2,32.8,11.0,16.9
E07000028,Carlisle," 19,427 "," 15,039 "," 7,272 "," 8,925 ",38.3,29.7,14.4,17.6
E07000029,Copeland," 12,988 "," 8,947 "," 5,429 "," 3,424 ",42.2,29.1,17.6,11.1
E07000030,Eden," 11,661 "," 5,958 "," 2,542 "," 4,452 ",47.4,24.2,10.3,18.1
E07000031,South Lakeland," 22,394 "," 12,149 "," 5,112 "," 8,002 ",47.0,25.5,10.7,16.8
E07000032,Amber Valley," 23,051 "," 17,771 "," 7,169 "," 8,286 ",41.0,31.6,12.7,14.7
E07000033,Bolsover," 12,391 "," 10,990 "," 5,762 "," 6,119 ",35.1,31.2,16.3,17.4
E07000034,Chesterfield," 17,249 "," 12,982 "," 9,967 "," 7,860 ",35.9,27.0,20.7,16.4
E07000035,Derbyshire Dales," 15,405 "," 8,143 "," 4,075 "," 4,660 ",47.7,25.2,12.6,14.4
E07000036,Erewash," 18,887 "," 16,550 "," 6,398 "," 8,501 ",37.5,32.9,12.7,16.9
E07000037,High Peak," 16,367 "," 12,846 "," 4,957 "," 6,602 ",40.1,31.5,12.2,16.2
E07000038,North East Derbyshire," 18,959 "," 13,737 "," 8,597 "," 4,694 ",41.2,29.9,18.7,10.2
E07000039,South Derbyshire," 16,388 "," 17,689 "," 4,466 "," 6,696 ",36.2,39.1,9.9,14.8
E07000040,East Devon," 31,228 "," 17,914 "," 6,898 "," 10,748 ",46.8,26.8,10.3,16.1
E07000041,Exeter," 16,369 "," 14,286 "," 8,727 "," 13,172 ",31.1,27.2,16.6,25.1
E07000042,Mid Devon," 14,110 "," 10,353 "," 4,504 "," 6,664 ",39.6,29.1,12.6,18.7
E07000043,North Devon," 18,055 "," 11,502 "," 4,811 "," 8,830 ",41.8,26.6,11.1,20.4
E07000044,South Hams," 17,708 "," 10,636 "," 4,653 "," 6,340 ",45.0,27.0,11.8,16.1
E07000045,Teignbridge," 25,889 "," 17,545 "," 5,694 "," 10,709 ",43.3,29.3,9.5,17.9
E07000046,Torridge," 13,870 "," 7,581 "," 2,847 "," 6,160 ",45.5,24.9,9.3,20.2
E07000047,West Devon," 11,569 "," 6,219 "," 2,495 "," 4,535 ",46.6,25.1,10.1,18.3
E07000061,Eastbourne," 16,305 "," 11,194 "," 5,940 "," 12,171 ",35.7,24.5,13.0,26.7
E07000062,Hastings," 12,644 "," 10,446 "," 5,771 "," 11,590 ",31.3,25.8,14.3,28.7
E07000063,Lewes," 18,524 "," 12,959 "," 4,774 "," 7,431 ",42.4,29.7,10.9,17.0
E07000064,Rother," 20,395 "," 10,582 "," 4,293 "," 6,832 ",48.4,25.1,10.2,16.2
E07000065,Wealden," 30,510 "," 22,827 "," 5,701 "," 9,228 ",44.7,33.4,8.4,13.5
E07000066,Basildon," 23,029 "," 26,144 "," 16,213 "," 10,977 ",30.2,34.2,21.2,14.4
E07000067,Braintree," 22,262 "," 22,303 "," 10,593 "," 9,825 ",34.3,34.3,16.3,15.1
E07000068,Brentwood," 11,797 "," 11,675 "," 3,660 "," 5,211 ",36.5,36.1,11.3,16.1
E07000069,Castle Point," 16,937 "," 13,135 "," 2,051 "," 5,266 ",45.3,35.1,5.5,14.1
E07000070,Chelmsford," 27,057 "," 26,570 "," 10,017 "," 11,757 ",35.9,35.2,13.3,15.6
E07000071,Colchester," 26,126 "," 25,771 "," 10,585 "," 17,229 ",32.8,32.3,13.3,21.6
E07000072,Epping Forest," 19,180 "," 19,160 "," 7,993 "," 8,226 ",35.2,35.1,14.7,15.1
E07000073,Harlow," 8,723 "," 12,121 "," 11,097 "," 5,915 ",23.0,32.0,29.3,15.6
E07000074,Maldon," 12,224 "," 9,261 "," 3,132 "," 3,283 ",43.8,33.2,11.2,11.8
E07000075,Rochford," 15,572 "," 13,307 "," 2,871 "," 3,808 ",43.8,37.4,8.1,10.7
E07000076,Tendring," 31,510 "," 17,019 "," 5,506 "," 13,417 ",46.7,25.2,8.2,19.9
E07000077,Uttlesford," 13,177 "," 13,568 "," 4,809 "," 5,401 ",35.7,36.7,13.0,14.6
E07000078,Cheltenham," 18,362 "," 15,670 "," 6,432 "," 12,435 ",34.7,29.6,12.2,23.5
E07000079,Cotswold," 16,177 "," 11,129 "," 6,232 "," 7,059 ",39.8,27.4,15.4,17.4
E07000080,Forest of Dean," 16,466 "," 10,871 "," 4,836 "," 5,044 ",44.2,29.2,13.0,13.6
E07000081,Gloucester," 17,510 "," 18,499 "," 7,537 "," 11,860 ",31.6,33.4,13.6,21.4
E07000082,Stroud," 21,548 "," 17,163 "," 6,430 "," 7,237 ",41.1,32.8,12.3,13.8
E07000083,Tewkesbury," 15,984 "," 13,893 "," 5,198 "," 5,856 ",39.1,33.9,12.7,14.3
E07000084,Basingstoke and Deane," 23,475 "," 27,645 "," 13,711 "," 11,814 ",30.6,36.1,17.9,15.4
E07000085,East Hampshire," 21,080 "," 18,147 "," 6,607 "," 6,885 ",40.0,34.4,12.5,13.1
E07000086,Eastleigh," 20,012 "," 21,539 "," 7,430 "," 7,943 ",35.2,37.8,13.1,14.0
E07000087,Fareham," 21,154 "," 17,379 "," 3,959 "," 6,147 ",43.5,35.7,8.1,12.6
E07000088,Gosport," 12,314 "," 10,969 "," 5,862 "," 6,775 ",34.3,30.5,16.3,18.9
E07000089,Hart," 14,958 "," 16,046 "," 3,514 "," 5,447 ",37.4,40.2,8.8,13.6
E07000090,Havant," 20,869 "," 15,995 "," 9,989 "," 6,736 ",38.9,29.8,18.6,12.6
E07000091,New Forest," 36,150 "," 21,875 "," 8,367 "," 11,175 ",46.6,28.2,10.8,14.4
E07000092,Rushmoor," 9,979 "," 14,474 "," 6,369 "," 8,481 ",25.4,36.8,16.2,21.6
E07000093,Test Valley," 19,742 "," 19,023 "," 7,842 "," 8,099 ",36.1,34.8,14.3,14.8
E07000094,Winchester," 18,648 "," 15,972 "," 7,937 "," 9,155 ",36.1,30.9,15.3,17.7
E07000095,Broxbourne," 13,178 "," 14,599 "," 5,683 "," 6,390 ",33.1,36.6,14.3,16.0
E07000096,Dacorum," 19,598 "," 21,331 "," 13,320 "," 9,163 ",30.9,33.6,21.0,14.4
E07000098,Hertsmere," 13,227 "," 14,660 "," 7,401 "," 7,394 ",31.0,34.3,17.3,17.3
E07000099,North Hertfordshire," 18,933 "," 18,470 "," 10,594 "," 8,736 ",33.4,32.6,18.7,15.4
E07000102,Three Rivers," 12,806 "," 13,610 "," 5,467 "," 4,974 ",34.7,36.9,14.8,13.5
E07000103,Watford," 9,577 "," 12,687 "," 6,172 "," 11,193 ",24.2,32.0,15.6,28.2
E07000105,Ashford," 18,032 "," 18,482 "," 7,501 "," 9,568 ",33.7,34.5,14.0,17.9
E07000106,Canterbury," 24,477 "," 17,422 "," 7,800 "," 14,093 ",38.4,27.3,12.2,22.1
E07000107,Dartford," 12,302 "," 18,736 "," 6,314 "," 8,342 ",26.9,41.0,13.8,18.3
E07000108,Dover," 19,753 "," 14,112 "," 7,039 "," 9,648 ",39.1,27.9,13.9,19.1
E07000109,Gravesham," 13,018 "," 13,385 "," 7,270 "," 8,051 ",31.2,32.1,17.4,19.3
E07000110,Maidstone," 24,192 "," 25,149 "," 9,507 "," 12,360 ",34.0,35.3,13.4,17.4
E07000111,Sevenoaks," 18,769 "," 17,210 "," 6,465 "," 6,570 ",38.3,35.1,13.2,13.4
E07000112,Folkestone and Hythe," 18,966 "," 13,206 "," 5,251 "," 10,914 ",39.2,27.3,10.9,22.6
E07000113,Swale," 20,788 "," 20,547 "," 8,041 "," 11,119 ",34.4,34.0,13.3,18.4
E07000114,Thanet," 22,731 "," 15,713 "," 7,396 "," 16,360 ",36.5,25.3,11.9,26.3
E07000115,Tonbridge and Malling," 18,379 "," 20,234 "," 8,255 "," 6,703 ",34.3,37.8,15.4,12.5
E07000116,Tunbridge Wells," 16,324 "," 15,590 "," 7,029 "," 9,281 ",33.9,32.3,14.6,19.2
E07000117,Burnley," 13,051 "," 10,876 "," 6,209 "," 9,735 ",32.7,27.3,15.6,24.4
E07000118,Chorley," 18,558 "," 17,956 "," 6,637 "," 6,984 ",37.0,35.8,13.2,13.9
E07000119,Fylde," 16,369 "," 10,863 "," 3,134 "," 7,240 ",43.5,28.9,8.3,19.3
E07000120,Hyndburn," 11,917 "," 10,107 "," 4,711 "," 8,055 ",34.3,29.1,13.5,23.2
E07000121,Lancaster," 23,152 "," 17,602 "," 6,153 "," 13,071 ",38.6,29.3,10.3,21.8
E07000122,Pendle," 14,127 "," 10,676 "," 4,491 "," 8,772 ",37.1,28.0,11.8,23.0
E07000123,Preston," 18,219 "," 17,035 "," 10,983 "," 13,370 ",30.6,28.6,18.4,22.4
E07000124,Ribble Valley," 11,654 "," 8,938 "," 2,151 "," 4,004 ",43.6,33.4,8.0,15.0
E07000125,Rossendale," 10,560 "," 10,262 "," 4,514 "," 5,225 ",34.6,33.6,14.8,17.1
E07000126,South Ribble," 19,428 "," 17,895 "," 5,039 "," 6,223 ",40.0,36.8,10.4,12.8
E07000127,West Lancashire," 18,987 "," 15,780 "," 6,958 "," 6,809 ",39.1,32.5,14.3,14.0
E07000128,Wyre," 22,699 "," 14,946 "," 3,871 "," 9,253 ",44.7,29.4,7.6,18.2
E07000129,Blaby," 17,012 "," 16,609 "," 3,497 "," 5,457 ",40.0,39.0,8.2,12.8
E07000130,Charnwood," 27,619 "," 24,654 "," 8,632 "," 12,880 ",37.4,33.4,11.7,17.5
E07000131,Harborough," 16,484 "," 14,953 "," 3,531 "," 5,446 ",40.8,37.0,8.7,13.5
E07000132,Hinckley and Bosworth," 19,715 "," 17,525 "," 5,049 "," 7,156 ",39.9,35.4,10.2,14.5
E07000133,Melton," 9,160 "," 7,120 "," 2,416 "," 3,903 ",40.5,31.5,10.7,17.3
E07000134,North West Leicestershire," 16,599 "," 16,169 "," 6,089 "," 6,117 ",36.9,36.0,13.5,13.6
E07000135,Oadby and Wigston," 9,711 "," 7,464 "," 1,793 "," 3,648 ",42.9,33.0,7.9,16.1
E07000136,Boston," 9,967 "," 7,714 "," 5,726 "," 5,997 ",33.9,26.2,19.5,20.4
E07000137,East Lindsey," 29,907 "," 14,424 "," 7,295 "," 13,128 ",46.2,22.3,11.3,20.3
E07000138,Lincoln," 11,092 "," 10,761 "," 8,953 "," 11,700 ",26.1,25.3,21.1,27.5
E07000139,North Kesteven," 20,386 "," 17,260 "," 5,113 "," 8,230 ",40.0,33.9,10.0,16.1
E07000140,South Holland," 16,604 "," 12,153 "," 4,936 "," 7,010 ",40.8,29.9,12.1,17.2
E07000141,South Kesteven," 23,765 "," 19,809 "," 7,851 "," 11,422 ",37.8,31.5,12.5,18.2
E07000142,West Lindsey," 17,553 "," 12,597 "," 4,605 "," 7,590 ",41.5,29.7,10.9,17.9
E07000143,Breckland," 24,126 "," 16,768 "," 8,507 "," 10,957 ",40.0,27.8,14.1,18.2
E07000144,Broadland," 26,448 "," 18,586 "," 5,619 "," 7,107 ",45.8,32.2,9.7,12.3
E07000145,Great Yarmouth," 16,978 "," 10,671 "," 7,213 "," 9,683 ",38.1,24.0,16.2,21.7
E07000146,King's Lynn and West Norfolk," 28,053 "," 17,473 "," 9,180 "," 12,758 ",41.6,25.9,13.6,18.9
E07000147,North Norfolk," 23,509 "," 10,034 "," 6,275 "," 8,556 ",48.6,20.7,13.0,17.7
E07000148,Norwich," 14,312 "," 13,160 "," 19,518 "," 17,467 ",22.2,20.4,30.3,27.1
E07000149,South Norfolk," 25,720 "," 19,931 "," 7,184 "," 8,546 ",41.9,32.5,11.7,13.9
E07000163,Craven," 11,826 "," 7,021 "," 2,494 "," 4,728 ",45.4,26.9,9.6,18.1
E07000164,Hambleton," 17,772 "," 10,728 "," 5,468 "," 6,832 ",43.6,26.3,13.4,16.7
E07000165,Harrogate," 28,936 "," 21,618 "," 7,022 "," 13,593 ",40.7,30.4,9.9,19.1
E07000166,Richmondshire," 8,518 "," 5,093 "," 2,441 "," 4,894 ",40.7,24.3,11.7,23.4
E07000167,Ryedale," 10,820 "," 5,876 "," 3,171 "," 4,848 ",43.8,23.8,12.8,19.6
E07000168,Scarborough," 21,164 "," 11,792 "," 7,070 "," 11,098 ",41.4,23.1,13.8,21.7
E07000169,Selby," 14,590 "," 14,772 "," 4,851 "," 5,349 ",36.9,37.3,12.3,13.5
E07000170,Ashfield," 19,484 "," 17,487 "," 8,130 "," 9,408 ",35.7,32.1,14.9,17.3
E07000171,Bassetlaw," 19,442 "," 15,889 "," 7,697 "," 8,430 ",37.8,30.9,15.0,16.4
E07000172,Broxtowe," 19,301 "," 15,304 "," 5,337 "," 8,420 ",39.9,31.6,11.0,17.4
E07000173,Gedling," 20,649 "," 17,687 "," 4,995 "," 8,220 ",40.1,34.3,9.7,15.9
E07000174,Mansfield," 16,668 "," 14,302 "," 7,865 "," 9,196 ",34.7,29.8,16.4,19.1
E07000175,Newark and Sherwood," 20,525 "," 16,705 "," 7,413 "," 8,689 ",38.5,31.3,13.9,16.3
E07000176,Rushcliffe," 20,508 "," 17,777 "," 4,273 "," 7,325 ",41.1,35.6,8.6,14.7
E07000177,Cherwell," 21,431 "," 22,661 "," 8,742 "," 13,059 ",32.5,34.4,13.3,19.8
E07000178,Oxford," 13,993 "," 11,835 "," 11,554 "," 17,857 ",25.3,21.4,20.9,32.3
E07000179,South Oxfordshire," 23,180 "," 21,131 "," 7,386 "," 9,801 ",37.7,34.4,12.0,15.9
E07000180,Vale of White Horse," 20,812 "," 19,453 "," 8,206 "," 9,026 ",36.2,33.8,14.3,15.7
E07000181,West Oxfordshire," 17,963 "," 15,077 "," 6,363 "," 8,578 ",37.4,31.4,13.3,17.9
E07000187,Mendip," 20,657 "," 14,489 "," 6,051 "," 9,097 ",41.1,28.8,12.0,18.1
E07000188,Sedgemoor," 21,144 "," 16,170 "," 6,887 "," 9,703 ",39.2,30.0,12.8,18.0
E07000189,South Somerset," 31,355 "," 21,066 "," 10,733 "," 12,782 ",41.3,27.7,14.1,16.8
E07000192,Cannock Chase," 14,718 "," 14,735 "," 7,031 "," 6,972 ",33.9,33.9,16.2,16.0
E07000193,East Staffordshire," 18,695 "," 15,940 "," 6,634 "," 10,024 ",36.4,31.1,12.9,19.5
E07000194,Lichfield," 18,902 "," 14,973 "," 5,932 "," 5,825 ",41.4,32.8,13.0,12.8
E07000195,Newcastle-under-Lyme," 20,435 "," 16,066 "," 9,142 "," 7,780 ",38.3,30.1,17.1,14.6
E07000196,South Staffordshire," 20,310 "," 14,451 "," 6,471 "," 4,889 ",44.0,31.3,14.0,10.6
E07000197,Stafford," 23,474 "," 19,058 "," 8,146 "," 9,369 ",39.1,31.7,13.6,15.6
E07000198,Staffordshire Moorlands," 20,401 "," 12,904 "," 3,653 "," 5,397 ",48.2,30.5,8.6,12.7
E07000199,Tamworth," 10,967 "," 11,303 "," 5,926 "," 4,699 ",33.3,34.4,18.0,14.3
E07000200,Babergh," 17,460 "," 11,387 "," 5,333 "," 6,020 ",43.4,28.3,13.3,15.0
E07000202,Ipswich," 16,810 "," 16,535 "," 12,368 "," 13,794 ",28.2,27.8,20.8,23.2
E07000203,Mid Suffolk," 19,151 "," 14,053 "," 5,011 "," 6,129 ",43.2,31.7,11.3,13.8
E07000207,Elmbridge," 18,809 "," 21,418 "," 5,608 "," 9,752 ",33.8,38.5,10.1,17.5
E07000208,Epsom and Ewell," 11,364 "," 12,161 "," 2,743 "," 5,053 ",36.3,38.8,8.8,16.1
E07000209,Guildford," 19,267 "," 18,446 "," 7,066 "," 10,981 ",34.6,33.1,12.7,19.7
E07000210,Mole Valley," 15,136 "," 12,433 "," 4,327 "," 5,243 ",40.8,33.5,11.7,14.1
E07000211,Reigate and Banstead," 20,196 "," 23,343 "," 6,907 "," 9,403 ",33.7,39.0,11.5,15.7
E07000212,Runnymede," 11,431 "," 12,216 "," 4,499 "," 6,692 ",32.8,35.1,12.9,19.2
E07000213,Spelthorne," 13,980 "," 15,020 "," 5,296 "," 7,508 ",33.4,35.9,12.7,18.0
E07000214,Surrey Heath," 13,156 "," 13,859 "," 3,449 "," 5,544 ",36.5,38.5,9.6,15.4
E07000215,Tandridge," 13,326 "," 13,615 "," 3,939 "," 4,743 ",37.4,38.2,11.1,13.3
E07000216,Waverley," 20,039 "," 18,240 "," 6,427 "," 7,742 ",38.2,34.8,12.3,14.8
E07000217,Woking," 13,251 "," 14,618 "," 4,792 "," 8,777 ",32.0,35.3,11.6,21.2
E07000218,North Warwickshire," 10,558 "," 9,117 "," 3,752 "," 4,154 ",38.3,33.1,13.6,15.1
E07000219,Nuneaton and Bedworth," 19,829 "," 19,136 "," 8,157 "," 9,463 ",35.0,33.8,14.4,16.7
E07000220,Rugby," 15,703 "," 16,704 "," 6,074 "," 8,534 ",33.4,35.5,12.9,18.2
E07000221,Stratford-on-Avon," 24,156 "," 19,027 "," 7,906 "," 8,374 ",40.6,32.0,13.3,14.1
E07000222,Warwick," 21,411 "," 20,440 "," 8,804 "," 11,963 ",34.2,32.6,14.1,19.1
E07000223,Adur," 11,101 "," 9,019 "," 3,436 "," 4,122 ",40.1,32.6,12.4,14.9
E07000224,Arun," 32,182 "," 20,424 "," 6,774 "," 13,281 ",44.3,28.1,9.3,18.3
E07000225,Chichester," 22,715 "," 13,411 "," 8,157 "," 9,835 ",42.0,24.8,15.1,18.2
E07000226,Crawley," 10,940 "," 14,983 "," 10,432 "," 9,147 ",24.0,32.9,22.9,20.1
E07000227,Horsham," 24,482 "," 21,655 "," 7,155 "," 9,078 ",39.3,34.7,11.5,14.6
E07000228,Mid Sussex," 23,259 "," 23,564 "," 6,812 "," 9,714 ",36.7,37.2,10.8,15.3
E07000229,Worthing," 18,052 "," 15,710 "," 4,845 "," 10,931 ",36.4,31.7,9.8,22.1
E07000234,Bromsgrove," 17,483 "," 14,969 "," 4,417 "," 4,395 ",42.4,36.3,10.7,10.7
E07000235,Malvern Hills," 15,753 "," 9,471 "," 5,001 "," 4,664 ",45.2,27.1,14.3,13.4
E07000236,Redditch," 11,254 "," 12,475 "," 7,331 "," 5,318 ",30.9,34.3,20.2,14.6
E07000237,Worcester," 14,320 "," 13,614 "," 7,269 "," 9,521 ",32.0,30.4,16.3,21.3
E07000238,Wychavon," 23,188 "," 17,705 "," 8,954 "," 7,509 ",40.4,30.9,15.6,13.1
E07000239,Wyre Forest," 18,477 "," 13,145 "," 6,411 "," 7,287 ",40.8,29.0,14.1,16.1
E07000240,St Albans," 20,615 "," 21,534 "," 7,187 "," 9,654 ",34.9,36.5,12.2,16.4
E07000241,Welwyn Hatfield," 12,711 "," 14,112 "," 11,714 "," 7,672 ",27.5,30.5,25.4,16.6
E07000242,East Hertfordshire," 21,140 "," 22,785 "," 8,111 "," 9,987 ",34.1,36.7,13.1,16.1
E07000243,Stevenage," 9,522 "," 11,900 "," 9,594 "," 5,496 ",26.1,32.6,26.3,15.1
E07000244,East Suffolk," 49,014 "," 27,709 "," 14,477 "," 19,549 ",44.3,25.0,13.1,17.7
E07000245,West Suffolk," 26,398 "," 21,933 "," 12,735 "," 17,681 ",33.5,27.9,16.2,22.5
E07000246,Somerset West and Taunton," 27,731 "," 18,683 "," 10,615 "," 12,957 ",39.6,26.7,15.2,18.5
E08000001,Bolton," 39,475 "," 34,101 "," 23,555 "," 21,659 ",33.2,28.7,19.8,18.2
E08000002,Bury," 27,752 "," 26,532 "," 12,044 "," 14,368 ",34.4,32.9,14.9,17.8
E08000003,Manchester," 35,423 "," 46,181 "," 63,276 "," 69,850 ",16.5,21.5,29.5,32.5
E08000004,Oldham," 29,384 "," 27,257 "," 19,760 "," 16,739 ",31.5,29.3,21.2,18.0
E08000005,Rochdale," 27,411 "," 27,308 "," 18,815 "," 16,688 ",30.4,30.3,20.9,18.5
E08000006,Salford," 25,294 "," 29,420 "," 29,227 "," 31,176 ",22.0,25.6,25.4,27.1
E08000007,Stockport," 46,498 "," 45,013 "," 16,849 "," 18,288 ",36.7,35.5,13.3,14.4
E08000008,Tameside," 30,363 "," 30,478 "," 21,125 "," 17,561 ",30.5,30.6,21.2,17.6
E08000009,Trafford," 33,149 "," 33,892 "," 14,419 "," 14,809 ",34.4,35.2,15.0,15.4
E08000010,Wigan," 49,212 "," 46,421 "," 24,333 "," 23,139 ",34.4,32.4,17.0,16.2
E08000011,Knowsley," 18,902 "," 20,927 "," 16,687 "," 9,557 ",28.6,31.7,25.3,14.5
E08000012,Liverpool," 50,393 "," 48,026 "," 54,758 "," 54,314 ",24.3,23.1,26.4,26.2
E08000013,St. Helens," 28,023 "," 24,653 "," 15,993 "," 12,344 ",34.6,30.4,19.7,15.2
E08000014,Sefton," 46,426 "," 36,410 "," 17,735 "," 22,502 ",37.7,29.6,14.4,18.3
E08000015,Wirral," 51,333 "," 42,668 "," 22,065 "," 27,186 ",35.8,29.8,15.4,19.0
E08000016,Barnsley," 35,620 "," 32,255 "," 21,294 "," 18,884 ",33.0,29.9,19.7,17.5
E08000017,Doncaster," 44,881 "," 39,565 "," 22,694 "," 26,340 ",33.6,29.6,17.0,19.7
E08000018,Rotherham," 38,318 "," 34,645 "," 23,545 "," 17,418 ",33.6,30.4,20.7,15.3
E08000019,Sheffield," 71,903 "," 64,050 "," 52,334 "," 43,661 ",31.0,27.6,22.6,18.8
E08000021,Newcastle upon Tyne," 30,707 "," 30,349 "," 33,476 "," 28,265 ",25.0,24.7,27.3,23.0
E08000022,North Tyneside," 31,038 "," 30,737 "," 19,765 "," 14,692 ",32.3,31.9,20.5,15.3
E08000023,South Tyneside," 20,503 "," 18,488 "," 20,208 "," 9,089 ",30.0,27.1,29.6,13.3
E08000024,Sunderland," 38,312 "," 33,164 "," 32,554 "," 18,147 ",31.4,27.1,26.6,14.9
E08000025,Birmingham," 114,970 "," 111,687 "," 99,499 "," 97,299 ",27.2,26.4,23.5,23.0
E08000026,Coventry," 40,278 "," 37,690 "," 22,766 "," 33,406 ",30.0,28.1,17.0,24.9
E08000027,Dudley," 51,133 "," 40,538 "," 26,021 "," 19,377 ",37.3,29.6,19.0,14.1
E08000028,Sandwell," 35,924 "," 34,711 "," 34,612 "," 24,999 ",27.6,26.7,26.6,19.2
E08000029,Solihull," 35,054 "," 30,294 "," 12,532 "," 11,602 ",39.2,33.9,14.0,13.0
E08000030,Walsall," 36,296 "," 30,850 "," 26,576 "," 18,504 ",32.3,27.5,23.7,16.5
E08000031,Wolverhampton," 31,345 "," 26,910 "," 26,484 "," 20,403 ",29.8,25.6,25.2,19.4
E08000032,Bradford," 66,875 "," 63,741 "," 30,731 "," 48,520 ",31.9,30.4,14.6,23.1
E08000033,Calderdale," 31,269 "," 27,536 "," 13,170 "," 18,501 ",34.6,30.4,14.6,20.4
E08000034,Kirklees," 62,352 "," 54,932 "," 26,288 "," 34,417 ",35.0,30.9,14.8,19.3
E08000035,Leeds," 95,452 "," 101,079 "," 69,742 "," 75,193 ",28.0,29.6,20.4,22.0
E08000036,Wakefield," 48,566 "," 48,460 "," 33,188 "," 22,861 ",31.7,31.7,21.7,14.9
E08000037,Gateshead," 27,161 "," 24,798 "," 22,334 "," 14,706 ",30.5,27.9,25.1,16.5
E09000001,City of London," 1,114 ", 692 , 730 ," 2,378 ",22.7,14.1,14.9,48.4
E09000002,Barking and Dagenham," 11,130 "," 21,463 "," 23,273 "," 18,036 ",15.1,29.0,31.5,24.4
E09000003,Barnet," 39,083 "," 40,957 "," 20,034 "," 48,843 ",26.2,27.5,13.5,32.8
E09000004,Bexley," 31,210 "," 35,470 "," 13,977 "," 14,643 ",32.7,37.2,14.7,15.4
E09000005,Brent," 23,933 "," 23,906 "," 27,876 "," 42,897 ",20.2,20.2,23.5,36.2
E09000006,Bromley," 44,794 "," 49,400 "," 17,926 "," 23,708 ",33.0,36.4,13.2,17.5
E09000007,Camden," 14,780 "," 13,442 "," 31,250 "," 33,286 ",15.9,14.5,33.7,35.9
E09000008,Croydon," 36,992 "," 48,858 "," 27,371 "," 39,724 ",24.2,31.9,17.9,26.0
E09000009,Ealing," 30,275 "," 34,197 "," 23,382 "," 45,803 ",22.7,25.6,17.5,34.3
E09000010,Enfield," 31,740 "," 32,926 "," 20,573 "," 35,684 ",26.2,27.2,17.0,29.5
E09000011,Greenwich," 18,473 "," 30,925 "," 35,327 "," 29,326 ",16.2,27.1,31.0,25.7
E09000012,Hackney," 10,263 "," 18,467 "," 42,945 "," 34,406 ",9.7,17.4,40.5,32.4
E09000013,Hammersmith and Fulham," 12,483 "," 14,815 "," 24,231 "," 29,715 ",15.4,18.2,29.8,36.6
E09000014,Haringey," 18,141 "," 22,707 "," 26,474 "," 37,769 ",17.3,21.6,25.2,35.9
E09000015,Harrow," 26,947 "," 26,750 "," 9,298 "," 26,647 ",30.1,29.8,10.4,29.7
E09000016,Havering," 34,918 "," 36,437 "," 13,807 "," 16,114 ",34.5,36.0,13.6,15.9
E09000017,Hillingdon," 28,994 "," 34,210 "," 17,613 "," 28,411 ",26.5,31.3,16.1,26.0
E09000018,Hounslow," 21,761 "," 27,508 "," 21,618 "," 32,074 ",21.1,26.7,21.0,31.2
E09000019,Islington," 11,151 "," 16,169 "," 38,787 "," 30,389 ",11.6,16.8,40.2,31.5
E09000020,Kensington and Chelsea," 13,301 "," 8,566 "," 18,430 "," 26,587 ",19.9,12.8,27.6,39.8
E09000021,Kingston upon Thames," 18,519 "," 21,878 "," 7,244 "," 17,987 ",28.2,33.3,11.0,27.4
E09000022,Lambeth," 16,180 "," 30,730 "," 45,243 "," 42,535 ",12.0,22.8,33.6,31.6
E09000023,Lewisham," 18,853 "," 34,321 "," 35,753 "," 33,466 ",15.4,28.0,29.2,27.3
E09000024,Merton," 20,695 "," 25,642 "," 11,599 "," 23,790 ",25.3,31.4,14.2,29.1
E09000025,Newham," 14,695 "," 23,623 "," 32,390 "," 44,803 ",12.7,20.5,28.0,38.8
E09000026,Redbridge," 27,956 "," 32,248 "," 11,707 "," 31,803 ",27.0,31.1,11.3,30.7
E09000027,Richmond upon Thames," 24,535 "," 26,386 "," 9,752 "," 20,031 ",30.4,32.7,12.1,24.8
E09000028,Southwark," 13,879 "," 27,052 "," 51,991 "," 37,898 ",10.6,20.7,39.7,29.0
E09000029,Sutton," 23,400 "," 30,536 "," 11,667 "," 16,744 ",28.4,37.1,14.2,20.3
E09000030,Tower Hamlets," 9,424 "," 21,602 "," 43,237 "," 46,276 ",7.8,17.9,35.9,38.4
E09000031,Waltham Forest," 20,817 "," 31,239 "," 22,099 "," 28,746 ",20.2,30.4,21.5,27.9
E09000032,Wandsworth," 24,410 "," 36,424 "," 26,544 "," 50,014 ",17.8,26.5,19.3,36.4
E09000033,Westminster," 15,213 "," 11,444 "," 26,810 "," 41,349 ",16.0,12.1,28.3,43.6
W06000001,Isle of Anglesey," 13,756 "," 7,351 "," 4,820 "," 4,897 ",44.6,23.8,15.6,15.9
W06000002,Gwynedd," 22,214 "," 11,364 "," 8,557 "," 8,970 ",43.5,22.2,16.7,17.6
W06000003,Conwy," 22,759 "," 13,258 "," 6,257 "," 9,961 ",43.6,25.4,12.0,19.1
W06000004,Denbighshire," 16,828 "," 11,346 "," 5,648 "," 8,565 ",39.7,26.8,13.3,20.2
W06000005,Flintshire," 25,945 "," 22,381 "," 9,714 "," 8,871 ",38.8,33.4,14.5,13.3
W06000006,Wrexham," 19,947 "," 16,453 "," 12,161 "," 9,354 ",34.4,28.4,21.0,16.2
W06000008,Ceredigion," 14,798 "," 6,474 "," 3,239 "," 6,380 ",47.9,21.0,10.5,20.7
W06000009,Pembrokeshire," 24,647 "," 12,697 "," 8,994 "," 9,149 ",44.4,22.9,16.2,16.5
W06000010,Carmarthenshire," 35,629 "," 22,145 "," 11,698 "," 12,287 ",43.6,27.1,14.3,15.0
W06000011,Swansea," 37,162 "," 28,539 "," 20,045 "," 19,216 ",35.4,27.2,19.1,18.3
W06000012,Neath Port Talbot," 23,850 "," 17,760 "," 11,999 "," 8,768 ",38.2,28.5,19.2,14.1
W06000013,Bridgend," 23,670 "," 20,427 "," 8,674 "," 9,589 ",38.0,32.8,13.9,15.4
W06000014,Vale of Glamorgan," 22,052 "," 19,366 "," 7,023 "," 9,008 ",38.4,33.7,12.2,15.7
W06000015,Cardiff," 42,072 "," 43,794 "," 25,278 "," 36,189 ",28.6,29.7,17.2,24.6
W06000016,Rhondda Cynon Taf," 39,686 "," 31,116 "," 14,175 "," 18,362 ",38.4,30.1,13.7,17.8
W06000018,Caerphilly," 27,449 "," 24,281 "," 14,323 "," 10,202 ",36.0,31.8,18.8,13.4
W06000019,Blaenau Gwent," 10,564 "," 7,694 "," 7,194 "," 4,888 ",34.8,25.4,23.7,16.1
W06000020,Torfaen," 13,952 "," 12,186 "," 9,575 "," 4,528 ",34.7,30.3,23.8,11.3
W06000021,Monmouthshire," 17,738 "," 11,838 "," 5,743 "," 5,603 ",43.3,28.9,14.0,13.7
W06000022,Newport," 20,172 "," 21,861 "," 12,864 "," 11,157 ",30.5,33.1,19.5,16.9
W06000023,Powys," 28,098 "," 12,737 "," 8,481 "," 10,866 ",46.7,21.2,14.1,18.1
W06000024,Merthyr Tydfil," 9,101 "," 7,045 "," 5,626 "," 4,011 ",35.3,27.3,21.8,15.6
